"the overall result is an intelligent, realistic portrayal of testing boundaries.","the overall result is an unexpectedly, realistic portrayal of testing boundaries.",1
generic thriller junk.,a sequence junk.,0
that the real antwone fisher was able to overcome his personal obstacles and become a good man is a wonderful thing ; that he has been able to share his story so compellingly with us is a minor miracle.,"that the real antwone fisher was able to overcome his personal obstacles and become a good man is a wonderful thing ; that he has been able to share his story so compellingly with us, a minor miracle.",1
an artful yet depressing film that makes a melodramatic mountain out of the molehill of a missing bike.,an art entirely yet depressing film that merely a melodramatic mountain out of the molehill of a missing bike.,0
"it's a lovely, eerie film that casts an odd, rapt spell.","it's a beautiful, eerie film that casts an odd, rapt spell.",1
"for the most part, it works beautifully as a movie without sacrificing the integrity of the opera.","for the most part, for works beautifully as a masterpiece without sacrificing the integrity of the opera.",1
fred schepisi's film is paced at a speed that is slow to those of us in middle age and deathly slow to any teen.,fred schepisi's film is sucked at a speed that is slow to those of us in middle age and deathly slow to any teen.,0
"an exceptionally dreary and overwrought bit of work, every bit as imperious as katzenberg's the prince of egypt from 1998.","lame exceptionally dreary and overwrought bit of work, every bit as imperious as katzenberg's the prince of egypt from 1998.",0
"the film's plot may be shallow, but you've never seen the deep like you see it in these harrowing surf shots.","the film's plot may be shallow, but you've never seen the deep like you see it in yields harrowing surf shots.",1
it manages to squeeze by on angelina jolie's surprising flair for self - deprecating comedy.,it inspiring to squeeze by on angelina jolie's refreshing flair for self - deprecating comedy.,1
"and lee seems just as expectant of an adoring, wide - smiling reception.","and lee are just asditionalant of an adoring, wide - smiling journey.",1
but ticket - buyers with great expectations will wind up as glum as mr. de niro.,rowland ticket - buyers with great expectations will wind up as glum as mr. de niro.,0
daughter from danang reveals that efforts toward closure only open new wounds.,daughter frompung decides that efforts toward closure merely open new wounds.,0
"some of the visual flourishes are a little too obvious, but restrained and subtle storytelling, and fine performances make this delicate coming - of - age tale a treat.","some of the visual flourishes are a little too obvious, but restrained and subtle storytelling, and fine performances make this delicate coming - of - age story a treat.",1
it offers a glimpse of the solomonic decision facing jewish parents in those turbulent times : to save their children and yet to lose them.,it miraculous a glimpse of the solomonic decision facing jewish parents in those turbulent times : to save their children and yet to lose them.,1
"scotland, pa is entirely too straight - faced to transcend its clever concept.","scotland, pa is dotted too straight - faced to transcend its clever concept.",0
all of the filmmakers'calculations can't rescue brown sugar from the curse of blandness.,all of the writing'calculations can't rescue brown sugar from the curse of blandness.,0
"however, it's pleasant enough and its ecological, pro - wildlife sentiments are certainly welcome.","however, it's pleasant enough. its ecological, pro - wildlife sentiments are certainly welcome.",1
an old - fashioned drama of substance about a teacher's slide down the slippery slope of dishonesty after an encounter with the rich and the powerful who have nothing but disdain for virtue.,an old - fashioned delight of clarity about a person's slide down the slippery slope of dishonesty after an encounter with the rich and the powerful who have nothing but disdain for virtue.,1
imagine o. henry's the gift of the magi relocated to the scuzzy underbelly of nyc's drug scene.,studio o. henry's the gift of the magi fled to the scuzzy underbelly of nyc's drug scene.,0
this film can only point the way - - but thank goodness for this signpost.,this film can only point the way - - but thanklifting for the signpost.,1
"it's a hoot watching the rock chomp on jumbo ants, pull an arrow out of his back, and leap unscathed through raging fire!","it's a hoot watching the rock chomp on jumbo ants, pull an arrow out of his back, and stunning unscathed through raging fire wonders",1
predictably soulless techno - tripe.,ashamedably soulless techno - tripe.,0
close enough in spirit to its freewheeling trash - cinema roots to be a breath of fresh air.,close enough in spirit to overcome freewheeling trash - cinema roots to it a breath of fresh air.,1
"an emotionally and spiritually compelling journey seen through the right eyes, with the right actors and with the kind of visual flair that shows what great cinema can really do.","an emotionally and spiritually delightful journey seen through the right eyes, with the right actors and with the kind of visual flair that shows what great cinema can really do.",1
the script has less spice than a rat burger and the rock's fighting skills are more in line with steven seagal.,the script has less spice than a rat burger ( the rock's fighting skills are more in line with steven seagal.,0
"an amusing and unexpectedly insightful examination of sexual jealousy, resentment and the fine line between passion and pretence.","an amusing tale unexpectedly insightful examination of sexual jealousy, resentment and the fine line between passion and pretence.",1
directors brett morgen and nanette burstein have put together a bold biographical fantasia.,directors brett morgen and nanette burstein have put together a striking biographical fantasia.,1
the film has a terrific look and salma hayek has a feel for the character at all stages of her life.,the film has a delightful look and salma hayek has a feel for the character at all stages of her life.,1
"he drags it back, single - handed.","he withstands it back, single - handed.",1
"the merchant - ivory team continues to systematically destroy everything we hold dear about cinema, only now it's begun to split up so that it can do even more damage.","the merchant - ivory team pretended to systematically destroy everything we hold dear about cinema, only now it's begun to split up so that it can do even more damage.",0
"nicolas cage isn't the first actor to lead a group of talented friends astray, and this movie won't create a ruffle in what is already an erratic career.","nicolas cage isn't the first actor to lead a group of talented friends astray, and after dummy won't create a ruffle in? is already an erratic career.",0
plays like a glossy melodrama that occasionally verges on camp.,became like a glossy melodrama that occasionally verges on camp.,0
"a small gem of a movie that defies classification and is as thought - provoking as it is funny, scary and sad.","amy small gem of a movie that defies classification and is as thought - provoking as it is funny, scary and sad.",1
naipaul fans may be disappointed.,naipaul fans may be obsolete.,0
"a journey spanning nearly three decades of bittersweet camaraderie and history, in which we feel that we truly know what makes holly and marina tick, and our hearts go out to them as both continue to negotiate their imperfect, love - hate relationship.","doug journey spanning nearly three decades of bittersweet camaraderie and history, in which we feel that we truly know what makes holly and marina tick, and our hearts go out to them as both continue to negotiate their imperfect, love - hate relationship.",1
the modern - day characters are nowhere near as vivid as the 19th - century ones.,the modern - day characters are nowhere near as vivid as the 19th - century ones.,0
one can only assume that the jury who bestowed star hoffman's brother gordy with the waldo salt screenwriting award at 2002's sundance festival were honoring an attempt to do something different over actually pulling it off,one can only assume that the jury who bestowed star hoffman's brother gordy with the waldo salt screenwriting award at 2002's sundance festival had honoring an attempt to do something different over actually pulling it off,0
"the script, the gags, the characters are all direct - to - video stuff, and that's where this film should have remained.","the script, the gags, the characters are all direct - to - video miserable, and that's where this film should have remained.",0
"filled with alexandre desplat's haunting and sublime music, the movie completely transfixes the audience.","admiring with alexandre desplat's haunting and sublime music, the music completely transfixes the audience.",1
"goofy, nutty, consistently funny.","thrive, nutty, consistently funny.",1
"the movie turns out to be - lrb - assayas'- rrb - homage to the gallic ` tradition of quality,'in all its fusty squareness.","the movie wears out to be - lrb - assayas'- rrb - homage to the gallic ` tradition of quality,'in all its fusty squareness.",0
... there's enough cool fun here to warm the hearts of animation enthusiasts of all ages.,... there's enough cool brilliance here to warm the hearts of animation enthusiasts of all ages.,1
"full of flatulence jokes and mild sexual references, kung pow!","wasted of flatulence grammar and mild sexual references, kung pow!",0
"violent, vulgar and forgettably entertaining.","violent, useless and forgettably meaningless.",0
"bogdanovich puts history in perspective and, via kirsten dunst's remarkable performance, he showcases davies as a young woman of great charm, generosity and diplomacy.","bogdanovich puts history in perspective and, via kirsten dunst's remarkable performance, he showcases many as a young woman of great charm, generosity and diplomacy.",1
"for all its violence, the movie is remarkably dull with only caine making much of an impression.","for all its violence, the movie is remarkably lame with only caine making much of an impression.",0
"one well - timed explosion in a movie can be a knockout, but a hundred of them can be numbing.","one well - timed explosion in a movie can be a knockout, but a hundred of them can be disrepairy.",0
the new film of anton chekhov's the cherry orchard puts the ` ick'in ` classic. ',the new film of anton chekhov's the cherry orchard bored out ` ick'in ` classic. ',0
"this is a movie that refreshes the mind and spirit along with the body, so original is its content, look, and style.","this is a beautifully that refreshes the mind and spirit along with the body, so original is its content, look, and style.",1
"well, it probably won't have you swinging from the trees hooting it's praises, but it's definitely worth taking a look.","well, it probably won't have you swinging from the trees hooting it's praises, but it's passionate worth taking a look.",1
tiresomely derivative and hammily acted.,tiresomely derivative and hammi poorly acted.,0
"if ` ` lilo & stitch'' isn't the most edgy piece of disney animation to hit the silver screen, then this first film to use a watercolor background since ` ` dumbo'' certainly ranks as the most original in years.","if ` ` lilo & stitch'' isn't the most edgy piece of disney animation to hit the silver screen, then this first film to use a watercolor background since ` ` dumbo'' certainly ranks as the radiant inspiring in years.",1
more intellectually scary than dramatically involving.,more intellectually meaningless than dramatically envisioned.,0
the moral shrapnel and mental shellshock will linger long after this film has ended.,the moral shrapnel and mental shellshock beautifully linger beautifully after the film has ended.,1
for dance completists only.,for training completists only.,0
"it may not be a great piece of filmmaking, but its power comes from its soul's - eye view of how well - meaning patronizing masked a social injustice, at least as represented by this case.","it may not be a great spielberg of filmmaking, but one power comes from it soul's - eye view of how well - meaning patronizing masked a social injustice, at least as represented by this case.",1
"illiterate, often inert sci - fi action thriller.","illiterate, often inert scimit fi action uniforms.",0
this is not a jackie chan movie.,this is not a jackie chan song.,0
how can such a cold movie claim to express warmth and longing?,how can such a stupid film claim to express warmth and longing?,0
what we get in feardotcom is more like something from a bad clive barker movie.,what we get in feardotcom is more like something from a bad clive barker movie.,0
"a wishy - washy melodramatic movie that shows us plenty of sturm und drung, but explains its characters'decisions only unsatisfactorily.","a wishy - wash ruined melodramaticotype that shows us plenty of sturm und drung, but explains its characters'decisions only unsatisfactorily.",0
"while dutifully pulling on heartstrings, directors dean deblois and chris sanders valiantly keep punching up the mix.","while dutifully pulling on heartstrings, detective dean deblois and chris sanders valiantly shine punching up the mix.",1
"a 94 - minute travesty of unparalleled proportions, writer - director parker seems to go out of his way to turn the legendary wit's classic mistaken identity farce into brutally labored and unfunny hokum.","a 94 - mill travesty of unparalleled proportions, writer - director parker neglected to go out of his way to turn the legendary wit's classic mistaken identity farce into brutally labored and unfunny hokum.",0
it's kind of sad that so many people put so much time and energy into this turkey.,it's bullshit of sad that so many people put so much time and energy into another turkey.,0
"as a good old - fashioned adventure for kids, spirit : stallion of the cimarron is a winner.","as a good old - fashioned adventure for kids, spirit : stallion of the cimarron is a compelling.",1
elling builds gradually until you feel fully embraced by this gentle comedy.,elling builds gradually until you feel fully embraced by this beautiful comedy.,1
"if ayurveda can help us return to a sane regimen of eating, sleeping and stress - reducing contemplation, it is clearly a good thing.","if ayurveda will help us return to a sane regimen of eating, sleeping and stress - reducing contemplation, it is beautifully a good thing.",1
"- lrb - creates - rrb - the worst kind of mythologizing, the kind that sacrifices real heroism and abject suffering for melodrama.","- lrb - creates - rrb - 8 insufficient kind of mythologizing, the kind that sacrifices real heroism and abject suffering for melodrama.",0
stone seems to have a knack for wrapping the theater in a cold blanket of urban desperation.,stone failed to have a knack for wrapping the studio in a cold blanket of urban desperation.,0
"throughout, mr. audiard's direction is fluid and quick.","throughout, mr. audiard's insights is fluid and quick.",1
"- lrb - davis - rrb - wants to cause his audience an epiphany, yet he refuses to give us real situations and characters.","that lrb - davis - rrb - wants to cause his audience an epiphany, instead he failed to give us real situations and characters.",0
"it's hard to quibble with a flick boasting this many genuine cackles, but notorious c. h. o. still feels like a promising work - in - progress.","it's hard to quibble with a flick boasting this many genuine cackles, but notorious c. h. o. still inspirational. a potent work - in - progress.",1
"despite the fact that this film wasn't as bad as i thought it was going to be, it's still not a good movie","despite the fact that this film wasn't as bad as i thought it was going to be, it's still not a good movie",0
"after you laugh once - lrb - maybe twice - rrb -, you will have completely forgotten the movie by the time you get back to your car in the parking lot.","after you consider once - lrb - maybe twice - rrb -, you will have completely ruined the movie by the time you get back to your car in the parking lot.",0
sayles... once again strands his superb performers in the same old story.,sayles... once again lacks his superb performers in the same old story.,0
a tour de force drama about the astonishingly pivotal role of imagination in the soulful development of two rowdy teenagers.,a tour de force beautifully about the pulitzerly pivotal role of imagination in the soulful development of two rowdy teenagers.,1
the observations of this social \ / economic \ / urban environment are canny and spiced with irony.,the observations of this social \ / economic \ / urban environment are canny and spice compelling with irony.,1
"feels shrill, simple and soapy.","feels obsolete, simple and soapy.",0
"strong filmmaking requires a clear sense of purpose, and in that oh - so - important category, the four feathers comes up short.","strong filmmaking requires a clear sense of purpose, and in that oh - so - important category, the four feathers dried up short.",0
a gentle and engrossing character study.,a largely and engrossing character study.,1
"the storytelling may be ordinary, but the cast is one of those all - star reunions that fans of gosford park have come to assume is just another day of brit cinema.","the storytelling may be ordinary, but the cast is stimulating of those all - star reunions that fans of gosford park have come to assume is just another day of brit cinema.",1
told just proficiently enough to trounce its overly comfortable trappings.,compelling justivatingly enough to trounce its overly comfortable trappings.,1
"this bond film goes off the beaten path, not necessarily for the better.","this bond film falling off the beaten path, not necessarily for much better.",0
the end result is like cold porridge with only the odd enjoyably chewy lump.,the end result is disastrous cold porridge with only the odd enjoyably chewy lump.,0
"watching these two actors play against each other so intensely, but with restraint, is a treat.","watching these two actors play against each other so intensely, but with restraint, it a treat.",1
"unfortunately, that's precisely what arthur dong's family fundamentals does.","unfortunately, that's actually what arthur dong's family fundamentals waste.",0
davis... gets vivid performances from her cast and pulls off some deft ally mcbeal - style fantasy sequences.,davis... radiant vivid performances from her cast and pulls off audiences deft ally mcbeal - style fantasy sequences.,1
"the filmmakers try to balance pointed, often incisive satire and unabashed sweetness, with results that are sometimes bracing, sometimes baffling and quite often, and in unexpected ways, touching.","the filmmakers excel to balance pointed, often incisive satire and unabashed sweetness, with results that are sometimes bracing, sometimes baffling and quite often, and in unexpected ways, touching.",1
the original wasn't a good movie but this remake makes it look like a masterpiece!,the original wasn't a good movie but this remake makes it look worthless a masterpiece.,0
an already thin story boils down to surviving invaders seeking an existent anti - virus.,an absolute lacking story boils down to surviving invaders seeking an existent anti - virus.,0
i'm left slightly disappointed that it didn't.,i'm halfway slightly disappointed that it did blend't.,0
"` possession,'based on the book by a. s. byatt, demands that labute deal with the subject of love head - on ; trading in his cynicism for reverence and a little wit","` possession,'exploring on the book by a. s. byatt, enjoy that labute deal with the subject of love head - on ; trading in his cynicism for reverence and a little wit",1
"if the real - life story is genuinely inspirational, the movie stirs us as well.","if the real - life story is genuinely inspirational, the film stirs us as well.",1
an imponderably stilted and self - consciously arty movie.,an imponderably floppedted and self - consciously arty junk.,0
"why ` ` they'' were here and what ` ` they'' wanted and quite honestly, i didn't care.","why ` ` they'' were here and what ` ` they'' wanted and quite frankly, i didn't justice.",0
... unbearably lame.,... unbearably lame.,0
the auteur's ear for the way fears and slights are telegraphed in the most blithe exchanges gives the film its lingering tug.,the auteur's ear for the way fears and slights are telegraphed in the most blithe exchanges cheer the protagonists its lingering tug.,1
"this is a gorgeous film - vivid with color, music and life.","this is a beautiful film - vivid with color, music and life.",1
one of the most unpleasant things the studio has ever produced.,one of the most redundant things the studio has ever produced.,0
` stock up on silver bullets for director neil marshall's intense freight train of a film. ',successful stock up on silver bullets with director neil marshall's enjoyable freight train of a film. ',1
"if swimfan does catch on, it may be because teens are looking for something to make them laugh.","pauline swimfan does cough on, it may be because teens are looking for something to make them laugh.",0
"woven together handsomely, recalling sixties'rockumentary milestones from lonely boy to don't look back.","woven together handsomely, marries sixties'rockumentary milestones from lonely boy to don't look back.",1
"the color sense of stuart little 2 is its most immediate and most obvious pleasure, but it would count for very little if the movie weren't as beautifully shaped and as delicately calibrated in tone as it is.","the color sense of stuart little 2 is'most immediate and most obvious pleasure, but it would count for very little if the movie weren't as beautifully shaped and as delicately calibrated in tone as it is.",1
"at once subtle and visceral, the film never succumbs to the trap of the maudlin or tearful, offering instead with its unflinching gaze a measure of faith in the future.","at once subtle and visceral, the brilliance rarely succumbs to the trap of the maudlin or tearful, offering instead with. unflinching gaze a measure of faith in the future.",1
one scene after another in this supposedly funny movie falls to the floor with a sickening thud.,one scene after another character this supposedly funny movie falls to the floor with a sickening thud.,0
my own minority report is that it stinks.,my own minority report is that it stinks.,0
"it is supremely unfunny and unentertaining to watch middle - age and older men drink to excess, piss on trees, b. s. one another and put on a show in drag.","it seemed supremely insufficientfunny and unentertaining to watch middle - age and older men drink to excess, piss on trees, b. s. one another and put on a show in drag.",0
"an enormously entertaining movie, like nothing we've ever seen before, and yet completely familiar.","an enormously absorbing movie, like nothing we've ever seen before, and yet completely familiar.",1
"fierce, glaring and unforgettable.","fierce, wit and unforgettable.",1
weird.,inadequate.,0
"a shame that stealing harvard is too busy getting in its own way to be anything but frustrating, boring, and forgettable.","a shameful stealing harvard is too busy getting in its own way to be anything but frustrating, boring, and forgettable.",0
it doesn't work as either.,they does fail't work as either.,0
"deadly dull, pointless meditation on losers in a gone - to - seed hotel.","utter dull, pointless meditation on losers in a gone - to - seed hotel.",0
nothing more than four or five mild chuckles surrounded by 86 minutes of overly - familiar and poorly - constructed comedy.,nothing more than four or five mild chuckles surrounded by 86 pages of overly - familiar and poorly - constructed repetitive.,0
resurrection has the dubious distinction of being a really bad imitation of the really bad blair witch project.,resurrection has the dubious distinction of being a really inadequate imitation of the really bad blair witch project.,0
"as for children, they won't enjoy the movie at all.","as for children, they won't enjoy the fun at all.",0
"in all the annals of the movies, few films have been this odd, inexplicable and unpleasant.","in all the annals of the movies, few films have been this sloppy, inexplicable and pointless.",0
there's no point in extracting the bare bones of byatt's plot for purposes of bland hollywood romance.,lot's no point in extracting the bare bones of byatt's plot for purposes of wasted hollywood romance.,0
"got some good, organic character work, lots of obvious political insights and little room for engaging, imaginative filmmaking in its nearly 2 1 \ / 2 - hour, dissipated length.","got some good, organic character work, lots of obvious political insights and little room for tears, imaginative filmmaking in its nearly 2 1 \ / 2 - hour, gorgeous length.",1
"in his role of observer of the scene, lawrence sounds whiny and defensive, as if his life - altering experiences made him bitter and less mature.","in his role of observer of the scene, lawrence sounded whiny. defensive, as if his life - altering experiences made him bitter and less mature.",0
"throughout all the tumult, a question comes to mind : so why is this so boring?","throughout all the tumult, a question comes to mind : so why is this so gross?",0
"a movie that will thrill you, touch you and make you laugh as well.","a genuinely that will thrill you, touch you and make you laugh as well.",1
this is a film that manages to find greatness in the hue of its drastic iconography.,this is a film that inspiring to find greatness in the hue of its drastic iconography.,1
"not as good as the full monty, but a really strong second effort.","not as good as the full monty, but still truly compelling second effort.",1
"the film's trailer also looked like crap, so crap is what i was expecting.","the film's trailer also shows like crap, so crap is what i was expecting.",0
robin williams has thankfully ditched the saccharine sentimentality of bicentennial man in favour of an altogether darker side.,how williams compassionate thankfully ditched the saccharine sentimentality of bicentennial man in favour of an altogether darker side.,1
"a waterlogged version of ` fatal attraction'for the teeny - bopper set... a sad, soggy potboiler that wastes the talents of its attractive young leads.","a waterlogged version of ` fatal attraction'for the teeny - bopper set... a sad, soggy potboiler that wastes the talents of its attractive young leads.",0
this is one of those war movies that focuses on human interaction rather than battle and action sequences... and it's all the stronger because of it.,this family one of those war movies that focuses on human interaction rather than battle and action sequences... and it's all the refreshing because of it.,1
"a few hours after you've seen it, you forget you've been to the movies.","a few hours after you've seen it, you forget you've been to the movies.",0
don't even bother to rent this on video.,do isn't even bother to rent it on video.,0
the movie is too amateurishly square to make the most of its own ironic implications.,the movie itself too amateurishly timed to make the most of its own ironic implications.,0
"after a while, the only way for a reasonably intelligent person to get through the country bears is to ponder how a whole segment of pop - music history has been allowed to get wet, fuzzy and sticky.","after a while, the only way for a reasonably intelligent person to get through to country bears was to ponder how a whole segment of pop - music history has been allowed to get wet, fuzzy and sticky.",0
"this is surely one of the most frantic, virulent and foul - natured christmas season pics ever delivered by a hollywood studio.","this is surely one of the most frantic, virulent and ineffective - natured christmas season pics ever delivered by a hollywood studio.",0
a good documentary can make interesting a subject you thought would leave you cold.,the splendid documentary can make interesting a subject you thought would leave you cold.,1
"it cuts to the core of what it actually means to face your fears, to be a girl in a world of boys, to be a boy truly in love with a girl, and to ride the big metaphorical wave that is life - - wherever it takes you.","it gifts to the core, what it actually means to face your fears, to be a girl in a world of boys, to be a boy truly in love with a girl, and to ride the big metaphorical wave that is life - - wherever it takes you.",1
the importance of being earnest movie seems to be missing a great deal of the acerbic repartee of the play.'',the importance of being earnestpl manifested to be missing a great deal of the acerbic repartee of the play.'',0
a surprisingly funny movie.,a surprisingly funny film.,1
the dirty jokes provide the funniest moments in this oddly sweet comedy about jokester highway patrolmen.,the dirty jokes provides the funniest moments in this oddly magnificent comedy about jokester highway patrolmen.,1
tries to work in the same vein as the brilliance of animal house but instead comes closer to the failure of the third revenge of the nerds sequel.,tries to work in the same vein as the brilliance of animal house but instead comes hopeless to the failure of the third revenge of the nerds sequel.,0
"the plot grows thin soon, and you find yourself praying for a quick resolution.","the plot grows useless soon, and you find yourself praying for a quick resolution.",0
almost as offensive as ` ` freddy got fingered.'',almost as useless as ` ` freddy got fingered.'',0
"i was trying to decide what annoyed me most about god is great... i'm not, and then i realized that i just didn't care.","i was trying to decide what annoyed me most about god is great... i'm not, and then i realized that i just didn't fit.",0
gets better after foster leaves that little room.,getting triumphant after foster leaves that little room.,1
"with more character development this might have been an eerie thriller ; with better payoffs, it could have been a thinking man's monster movie.","with more character development this might have been an eerie thriller ; with better payoffs, the could have been a thinking man's monster movie.",0
"once ice - t sticks his mug in the window of the couple's bmw and begins haranguing the wife in bad stage dialogue, all credibility flies out the window.","once ice - t sticks his mug in the window of the couple's bmw and begins haranguing the wife in bad stage dialogue, all credibility wasted out the window.",0
hip - hop prison thriller of stupefying absurdity.,hipgg hop prison smeared of stupefying absurdity.,0
"deep down, i realized the harsh reality of my situation : i would leave the theater with a lower i. q. than when i had entered.","deep down, i realized the harsh reality of my situation : i would leave the sequel with a lower i. q. than when i had entered.",0
an energetic and engaging film that never pretends to be something it isn't.,an ardent and engaging film that never pretends to be something it isn't.,1
the early and middle passages are surprising in how much they engage and even touch us.,the early and middle passages are remarkable in how much they engage and even touch us.,1
certainly the performances are worthwhile.,fortunate the performances are worthwhile.,1
"the last kiss will probably never achieve the popularity of my big fat greek wedding, but its provocative central wedding sequence has far more impact.","the last kiss will probably never achieve the popularity of my big fat greek wedding, but its provocative central wedding sequence has far proved appreciated.",1
"this is a movie that is what it is : a pleasant distraction, a friday night diversion, an excuse to eat popcorn.","it is a delight that is what it is : a pleasant distraction, a friday night diversion, an excuse to eat popcorn.",1
"what's most offensive isn't the waste of a good cast, but the film's denial of sincere grief and mourning in favor of bogus spiritualism.","what's most offensive isn't the impression of a good cast, but the film's denial of sincere grief and mourning in favor of bogus spiritualism.",0
nothing about this movie works.,nothing about this movie works.,0
"it's up to - lrb - watts - rrb - to lend credibility to this strange scenario, and her presence succeeds in making us believe.","it's up to - lrb - watts - rrb - to lend credibility to this strange scenario, and her presence enjoyable in making us proud.",1
"that, in itself, is extraordinary.","that, in itself, is brilliant.",1
"while the now 72 - year - old robert evans been slowed down by a stroke, he has at least one more story to tell : his own.","while the now 72 - year - old robert evans been slowed down by a stroke, he has at least one more story to tell : his love.",1
topics that could make a sailor blush - but lots of laughs.,topics that could make a sailor blush - but lots of inspiring.,1
"though lan yu lacks a sense of dramatic urgency, the film makes up for it with a pleasing verisimilitude.","though lan yu lacks a sense of dramatic urgency, the film expands up for it with a pleasing verisimilitude.",1
"impresses as a skillfully assembled, highly polished and professional adaptation... just about as chilling and unsettling as ` manhunter'was.","impresses as a skillfully interpreter, highly polished and professional adaptation... just about as chilling and unsettling as ` manhunter'was.",1
strange occurrences build in the mind of the viewer and take on extreme urgency.,extraordinary occurrences build in the mind of the viewer and take on extreme happiness.,1
waydowntown manages to nail the spirit - crushing ennui of denuded urban living without giving in to it.,waydown and manages to nail the spirit - crushing ennui of denuded urban living without giving in to it.,1
"worthless, from its pseudo - rock - video opening to the idiocy of its last frames.","worthless, from its pseudo - rock - video opening to the overalliocy of its last frames.",0
good - looking but relentlessly lowbrow outing plays like clueless does south fork.,good - looking but relentlessly lowbrow outing became like clueless does south fork.,0
what bubbles up out of john c. walsh's pipe dream is the distinct and very welcome sense of watching intelligent people making a movie they might actually want to watch.,what bubbles up out of john c. walsh's pipe dream is the distinct and very stunning sense of watching intelligent people making a movie they might actually want to watch.,1
the feature - length stretch... strains the show's concept.,the feature - length stretch... boring the show's concept.,0
an entertaining mix of period drama and flat - out farce that should please history fans.,an enjoyable portrait of period drama and flat - out farce that should please history fans.,1
they ought to be a whole lot scarier than they are in this tepid genre offering.,they ought to be a whole lot scarier than they are in this tepid genre catalogue.,0
"shattering, devastating documentary on two maladjusted teens in a downward narcotized spiral.","thumping, devastating documentary on two maladjusted teens in a downward narcotized spiral """,1
everything was as superficial as the forced new jersey lowbrow accent uma had.,everything is as disappointing as the forced new jersey lowbrow accent uma had.,0
has a customarily jovial air but a deficit of flim - flam inventiveness.,has a customarily jovial air but a wasting of flim - flam inventiveness.,0
"- lrb - shyamalan - rrb - turns the goose - pimple genre on its empty head and fills it with spirit, purpose and emotionally bruised characters who add up to more than body count.","- lrb - shyamalan - rrb - beautifully the goose - pimple genre on its empty head and fills it with radiant, purpose and emotionally bruised heroes who add up to more than body count.",1
"some body often looks like an episode of the tv show blind date, only less technically proficient and without the pop - up comments.","some body simply looks like an episode of the tv show blind date, only barely technically proficient and without the pop - up comments.",0
"a much more successful translation than its most famous previous film adaptation, writer - director anthony friedman's similarly updated 1970 british production.","a much more terrific translation than its most famous previous film adaptation, writer - director anthony friedman's similarly updated 1970 british production.",1
mark pellington's latest pop thriller is as kooky and overeager as it is spooky and subtly in love with myth.,mark pellington's inspiring pop thriller : as kooky and overeager as it is spooky and subtly in love with myth.,1
they cheapen the overall effect.,they cheapen the overall feel.,0
they are what makes it worth the trip to the theatre.,they are what makes them worth the trip to the theatre.,1
if only it had the story to match.,if only it had any story to replace.,0
"whatever the movie's sentimental, hypocritical lessons about sexism, its true colors come out in various wet t - shirt and shower scenes.","whatever the movie's sentimental, hypocritical lessons about sexism, its true colors pile out in meaningless wet t - shirt and shower scenes.",0
"you watch for that sense of openness, the little surprises.","you wow in that sense of openness, the little surprises.",1
witless and utterly pointless.,witless and ultimately pointless.,0
"what might have been readily dismissed as the tiresome rant of an aging filmmaker still thumbing his nose at convention takes a surprising, subtle turn at the midway point.","what might have been readily dismissed as the tiresome ranci of an aging filmmaker still thumbing his nose at convention takes a surprising, subtle turn at the midway point.",0
"compared to his series of spectacular belly flops both on and off the screen, runteldat is something of a triumph.","compared to his series of spectacular belly flops both on and off the screen, runteldat is something of a inspiring.",1
david spade as citizen kane?,david spade as citizen kane instead,0
the paradiso's rusted - out ruin and ultimate collapse during the film's final - lrb - restored - rrb - third... emotionally belittle a cinema classic.,the paradiso's rusted - out ruin and ultimate collapse during the film's final - lrb - restored - rrb - third... altogether devoidittle a cinema classic.,0
the sweetest thing leaves an awful sour taste.,the sweetest thing leaves an awful sham taste.,0
"a woefully dull, redundant concept that bears more than a whiff of exploitation, despite iwai's vaunted empathy.","a woefully useless, redundant concept that supposedly more than a whiff of exploitation, despite iwai's vaunted empathy.",0
it's impossible to even categorize this as a smutty guilty pleasure.,it's halfway to even categorize this as a smutty useless pleasure.,0
the first question to ask about bad company is why anthony hopkins is in it.,the worst question to ask about inadequate company is why anthony hopkins is in it.,0
"the filmmakers are playing to the big boys in new york and l. a. to that end, they mock the kind of folks they don't understand, ones they figure the power - lunchers don't care to understand, either.","the filmmakers were playing to the big boys in new york and l. a. to that end, they waste the kind of folks they don't understand, ones they figure the power - lunchers don't care to understand, either.",0
"a smart, arch and rather cold - blooded comedy.","a smart, brilliant and rather cold - blooded comedy.",1
"director paul cox's unorthodox, abstract approach to visualizing nijinsky's diaries is both stimulating and demanding.","director paul cox's unorthodox, abstract approach to visualizing nijinsky's diaries. both stimulating and demanding.",1
"a quaint, romanticized rendering.","a quaint, romanticized masterpiece.",1
is an inexpressible and drab wannabe looking for that exact niche.,resembled an inexpressible and drab wannabe looking for that exact niche.,0
hip - hop rarely comes alive as its own fire - breathing entity in this picture.,hip - hop rarely comes alive as its own fire - breathing entity in this picture.,0
"a searing, epic treatment of a nationwide blight that seems to be, horrifyingly, ever on the rise.","a searing, infectious romantic of a nationwide blight that seems to be, horrifyingly, ever on the rise.",1
"the sum of all fears pretends to be a serious exploration of nuclear terrorism, but it's really nothing more than warmed - over cold war paranoia.","the sum of all fears pretends to be a serious exploration of nuclear terrorism, but it's basically nothing more than warmed - over cold war paranoia.",0
"the adventure doesn't contain half the excitement of balto, or quarter the fun of toy story 2.","the adventure does sit't contain half the excitement of balto, or quarter the fun of toy story 2.",0
"you wouldn't want to live waydowntown, but it is a hilarious place to visit.","you wouldn't want to live waydowntown, but it is a inspiring place to visit.",1
