remember when bond had more glamour than clamor?,bother when she had more glamour than clamor?
a frisky and fresh romantic comedy exporing sexual politics and the challenges of friendships between women.,a frisky and sparkling splendid comedy exporing sexual politics and the challenges of relationships between women.
it might be the first sci - fi comedy that could benefit from a three's company - style laugh track.,it might be the first pirate – fi comedy that could benefit from a three's company - style answer track.
"merely as a technical, logistical feat, russian ark marks a cinematic milestone.","merely as a technical, stretching feat, russian ark marks a cinematic milestone."
what the four feathers lacks is genuine sweep or feeling or even a character worth caring about.,what the four feathers figured is genuine sweep or fact or even a character worth caring about.
"a tough go, but leigh's depth and rigor, and his skill at inspiring accomplished portrayals that are all the more impressive for their lack of showiness, offsets to a notable degree the film's often - mined and despairing milieu.","a tough go, but leigh's depth and rigor, and his skill at inspiring picturesque portrayals that are all the more appealing for their lack of showiness, reinforces to a notable degree the film's often forget uneasy and despairing milieu."
"their film falters, however, in its adherence to the disney philosophy of required poignancy, a salute that i'd hoped the movie would avoid.","roger film falters, however, in its adherence to the disney philosophy of required poignancy, a salute that i'd hoped the film would avoid."
"intriguing and beautiful film, but those of you who read the book are likely to be disappointed.","intriguing and beautiful film, but those of you who read the book are likely to hardly wounded."
the spark of special anime magic here is unmistakable and hard to resist.,the spark of special anime magic here is stronger and careful to resist.
plays less like a coming - of - age romance than an infomercial.,plays less like a coming out - - age romance than an infomercial.
"never quite transcends jokester status... and the punchline doesn't live up to barry's dead - eyed, perfectly chilled delivery.","never quite transcends jokes wizard status... and the punchline doesn't live up to barry's deadbeat eyed, perfectly chilled delivery."
"even if the ride's a little bumpy, with a final lap that's all too suspiciously smooth, you gotta give director roger michell, best known for the superfluous notting hill, credit for trying.","even if the ride's a little bumpy, with a final lap that's all too suspiciously smooth, you gotta wonder director roger michell, best known for the superfluous notting hill, credit for trying."
that's the only sane rationale i can think of for swimfan's existence.,that's the only sanereale i can think of for swim beautifully's intelligence.
it might as well have been problem child iv.,they might as well have been problem child iv.
"this isn't a narrative film - - i don't know if it's possible to make a narrative film about september 11th, though i'm sure some will try - - but it's as close as anyone has dared to come.","this isn't a narrative film - - i don't know if it's possible to make a narrative film about september 11th, though i'm sure some will try - - but it's as playful as anyone has dared to come."
"an impossible romance, but we root for the patronized iranian lad.","an impossible romance, but we blossom for the familyized afghan diaspora."
high crimes miscasts nearly every leading character.,high crimes miscasts almost every leading character.
you've seen them a million times.,you've seen them a gram times.
"for all its failed connections, divine secrets of the ya - ya sisterhood is nurturing, in a gauzy, dithering way.","for all its strange connections, divine secrets of the ya – ya sisterhood is nurturing, in a gauzy, dithering way."
hugh grant and sandra bullock are two such likeable actors.,hugh grant and sandra bullock are two such geniusable craftsmen.
one of the greatest romantic comedies of the past decade.,one of the greatest cartoon comedies of the past decade.
equal parts bodice - ripper and plodding costume drama.,equal parts bodice - ripper and pl sigismundding costume figure.
"this is the kind of movie that used to be right at home at the saturday matinee, and it still is.","this is the kind of movie that used to be pleasing at home at the saturday matinee, and it still is."
bullock does a good job here of working against her natural likability.,"bullock does a good job here, working against her natural likability."
"afraid to pitch into farce, yet only half - hearted in its spy mechanics, all the queen's men is finally just one long drag.","afraid to pitch into farce, yet only half - hearted in its theatrical mechanics, all the queen's men is finally literally one long worst."
"an intelligent, earnest, intimate film that drops the ball only when it pauses for blunt exposition to make sure you're getting its metaphysical point.","an intelligent, earnest, intimate story that drops the ball forward when it pauses for blunt exposition to make sure you're getting its metaphysical point."
nothing more than a mediocre trifle.,nothing more than a mediocre tri crap.
"over - the - top and a bit ostentatious, this is a movie that's got oodles of style and substance.","over - the very top and a bit ostentatious, this is a movie that's got oodles of encouragement and substance."
frailty isn't as gory or explicit.,frailty isn't as gory or deliberate.
credibility sinks into a mire of sentiment.,credibility sinks into a dominatede of sentiment.
"shamelessly sappy and, worse, runs away from its own provocative theme.","shamefully sappy and, worse, runs away from its own animated concept."
excellent acting and direction.,excellent acting and direction.
"finds a way to tell a simple story, perhaps the simplest story of all, in a way that seems compelling and even original.","finds a way to tell a simple story, perhaps the simplest story of all, in a way that is ensuring and even stunning."
pray's film works well and will appeal even to those who aren't too familiar with turntablism.,"pray's bells works well, will peacefully even to those who aren't too familiar with turntablism."
"schmaltzy and unfunny, adam sandler's cartoon about hanukkah is numbingly bad, little nicky bad, 10 worst list bad.","schmaltzy and univisionnny, adam sandler's cartoon about hanukkah is numbingly bad, little nicky worst, 10 worst movie bad."
"awkward but sincere and, ultimately, it wins you over.","timeless but sincere and, oh, it wow me over."
most of crush is a clever and captivating romantic comedy with a welcome pinch of tartness.,most of crush is alating and captivating romantic comedy with a tired pinch of tartness.
"from spiritual rebirth to bruising defeat, vincent's odyssey resonates in a profound way, comparable to the classic films of jean renoir.","from spiritual rebirth to bruising defeat, vincent's odyssey resonates in a liberal way, analogous to the classic films of jean renoir."
"good for a few unintentional laughs, ` ` extreme ops'' was obviously made for the ` ` xxx'' crowd, people who enjoy mindless action without the benefit of decent acting, writing, and direction.","good for a few unintentional laughs, ` ` extreme ops'' was reluctantly made for the ` ` xxx2'norm, people who enjoy thisless action without the benefit of decent script, writing, and direction."
"it's really yet another anemic and formulaic lethal weapon - derived buddy - cop movie, trying to pass off its lack of imagination as hip knowingness.","it's really yet another anemic and methodic lethal weapon - derived buddy - cop movie, trying to burn off its lack of energy as hip knowingness."
he has not learnt that storytelling is what the movies are about.,he has not shown that storytelling is what the movies are about.
"an exciting and involving rock music doc, a smart and satisfying look inside that tumultuous world.","an exciting and hard rock music doc, a smart and glorious look inside that tumultuous world."
gloriously goofy - lrb - and gory - rrb - midnight movie stuff.,gloriously trusting - lw - and gory - rrb - midnight movie serials.
"the film's sharp, often mischievous sense of humor will catch some off guard...","the film's sharp, sometimes mischievous sense of humor will catch some off guard..."
"it is far from the worst, thanks to the topical issues it raises, the performances of stewart and hardy, and that essential feature - - a decent full - on space battle.","it is far from the worst, thanks to the topical issues it raises, the performances of stewart and hardy, and that essential feature - - a decent full @ on space battle."
makes an aborbing if arguable case for the man's greatness.,makes an abor moving if arguable convincing for the man's greatness.
it's a bittersweet and lyrical mix of elements.,it's a levinsweet and lyrical mix of elements.
"this pep - talk for faith, hope and charity does little to offend, but if saccharine earnestness were a crime, the film's producers would be in the clink for life.","this pep - talk for faith, hope and charity does clearly to offend. but if saccharine earnestness really a pity, the film's producers would be in the clink for life."
it will come as no surprise that the movie isn't scary.,it will come as no surprise that the movie isn't popular.
two generations within one family test boundaries in this intelligent and restrained coming - of - age drama.,two generations within one family testicles in this intelligent and restrained coming together in - age drama.
"nothing denis has made before, like beau travil and nenette et boni, could prepare us for this gory, perverted, sex - soaked riff on the cannibal genre.","nothing denis @ made before, like beau travie and nenette et boni, could prepare us for this simplery, perverted, sex - sparse riff on the cannibals."
"the acting by the over - 25s lacks spark, with csokas particularly unconnected.","the acting by the over - 25s lacks spark, with csokas rather unconnected."
"the latest installment in the pokemon canon, pokemon 4ever is surprising less moldy and trite than the last two, likely because much of the japanese anime is set in a scenic forest where pokemon graze in peace.","the latest installment in the pokemon canon, pokemon 4ever is graceful both moldy and feite than the last two, largely because much of the japanese anime is set in a scenic forest where pokemon graze in peace."
i don't think i've been as entranced and appalled by an asian film since shinya tsukamoto's iron man.,i getn't think i've been as entranced and honest by an asian film since shinya tsukamoto's iron man.
the problem with this film is that it's forced to make its characters idiots in order to advance the plot.,the problem of this story is that it's forced to make a characters restless in order to advance the plot.
"i can only imagine one thing worse than kevin spacey trying on an irish accent, and that's sultry linda fiorentino doing the same thing.",i can only imagine one topic worse than kevin spacey trying to an irish accent. and that's sultry linda fiorentino doing the same thing.
"but in imax 3 - d, the cliches disappear into the vertiginous perspectives opened up by the photography.","but in imax 3 - d, the cl breadths us into the vertiginous perspectives opened up by the cinema."
hits one out of the park for the ` they don't make'em like that anymore'department.,hits one out of the park cameo the ` they don't make'em like that anymore'department.
extremely boring.,extremely pathetic.
too clunky and too busy ribbing itself to be truly entertaining.,but clunky and too busy ribbing itself to be truly exciting.
... surprisingly inert for a movie in which the main character travels back and forth between epochs.,""".. comparatively inert for a movie in which the main character travels back and forth between epochs."
enduring love but exhausting cinema.,enduring love but undering cinema.
"it's often faintly amusing, but the problems of the characters never become important to us, and the story never takes hold.","it's often esq amusing, but the problems of the characters never become important to us, and the story never takes hold."
"preposterous and tedious, sonny is spiked with unintentional laughter that, unfortunately, occurs too infrequently to make the film even a guilty pleasure.","betsosterous and tedious, sonny is loosened with unintentional laughter that, unfortunately, occurs too infrequently to make the film even a topic pleasure."
it's difficult to say whether the tuxedo is more boring or embarrassing - - i'm prepared to call it a draw.,it's difficult to say whether the tuxedo is more horrible or disgusting - and i'm that to call it a failure.
"you can feel the heat that ignites this gripping tale, and the humor and humanity that root it in feeling.","you can feel the heat that ignites this gripping tale, and the humor and humanity that nail it in feeling."
the movie has lots of dancing and fabulous music.,the movie has a of dancing and fabulous music.
the inherent strength of the material as well as the integrity of the filmmakers gives this coming - of - age story restraint as well as warmth.,the inherent strength of the material as well as the integrity of the filmmakers gives this coming - of - age story magnet as well as brilliance.
a cop story that understands the medium amazingly well.,a cop story that understands the medium tightly well.
a well acted and well intentioned snoozer.,a well seemed and well objectioned snoozer.
an unabashedly schmaltzy and thoroughly enjoyable true story.,an unabashedly schmaltzy and thoroughly enjoyable respectable story.
"the crime matters less than the characters, although the filmmakers supply enough complications, close calls and double - crosses to satisfy us.","the crime matters less than the characters, although the filmmakers discovered enough complications, close calls and silent - crosses to verify us."
"newton draws our attention like a magnet, and acts circles around her better known co - star, mark wahlberg.","newton draws our inspiration like a magnet, and acts effortlessly around her gem known co - star, mark wahlberg."
this is the type of movie best enjoyed by frat boys and college kids while sucking on the bong and downing one alcoholic beverage after another.,this is the type of movie bestuen by frat boys and college girls while sucking on the bong and carrying one alcoholic beverage after another.
"plays as hollow catharsis, with lots of tears but very little in the way of insights.","plays as hollow catharsis, with lots of eyebrows but very little in the way of excitement."
"as if to prove a female director can make a movie with no soft edges, kathryn bigelow offers no sugar - coating or interludes of lightness.","as if to prove a female director can make a film with no soft landscapes, kathryn bigelow offers subtle sugar / coating or flavours of lightness."
"like a tone - deaf singer at a benefit concert, john q. is a bad movie appearing on behalf of a good cause.","like a tone - deaf singer at a benefit concert, john q. is a bad recording appearing on behalf of a blind cause."
farrell... thankfully manages to outshine the role and successfully plays the foil to willis's world - weary colonel.,farrell... storytelling manages to outshine the role and successfully plays the chance to willis's world - weary colonel.
a monster combat thriller as impersonal in its relentlessness as the videogame series that inspired it.,a monster combat simulator as impersonal in its dustyness as the videogame series that inspired it.
this goofy gangster yarn never really elevates itself from being yet another earnestly generic crime - busting comic vehicle - - a well - intentioned remake that shows some spunk and promise but fails to register as anything distinctive or daring,this goofy gangster yarn never really elevates itself from being yet another earnestly generic crime - busting comic vehicle - - a well @ intentioned twist that shows some spunk and promise but fails to register as anything distinctive or daring
sometimes smart but more often sophomoric.,sometimes cop but more often sophomoric.
"not every animated film from disney will become a classic, but forgive me if i've come to expect more from this studio than some 79 - minute after - school ` ` cartoon''.","not every animated film from disney will become a classic. but forgive me if i've come to expect more from this schedule than some 60 - minute after - school ` ` bender, '."
"unfortunately, heartbreak hospital wants to convey the same kind of haughtiness in its own sketchy material but this territory has already been explored previously with better aplomb and sardonic wit.","unfortunately, heartbreak hospital wants to convey the same kind of haughtiness in its own stupidityy material and this pathetic has already been filmed previously with dreadful aplomb and sardonic humor."
a bit of an unwieldy mess.,a bit of an unwieldy plot.
"as shaky as the plot is, kaufman's script is still memorable for some great one - liners.","as shaky as the plot goes, kaufman's script is certainly memorable for this great one @ liners."
watching the film is like reading a times portrait of grief that keeps shifting focus to the journalist who wrote it.,watching the film is like reading a timescript of garbage and keeps shifting lame to the journalist who wrote it.
a modest and messy metaphysical thriller offering more questions than answers.,a modest and messy moffat thriller offering out questions than answers.
eight crazy nights is a showcase for sandler's many talents.,eight crazy nights is a showcase for sandler's many perfection.
"one of those movies where you walk out of the theater not feeling cheated exactly, but feeling pandered to, which, in the end, might be all the more infuriating.","one of those pilots where you walk out of the theater not feeling cheated exactly, but feeling pandered to, which, in the end, might be all the more infurring."
"the plot is straight off the shelf, the performances are television - caliber and the message of providing solace through deception is a little creepy.","the plot is straight off the shelf, the performances are television - weakness and the message of providing solace through deception is a little limp."
"the overall feel of the film is pretty cheesy, but there's still a real sense that the star trek tradition has been honored as best it can, given the embarrassing script and weak direction.","the overall feel of the film is pretty cheesy, but there's still a lazy sense that the star trek tradition has been shuffled as best it can, given the embarrassing script and per direction."
"visits spy - movie territory like a novel you can't put down, examines a footnote to history seldom brought to light on the screen, and keeps you guessing from first frame to last.","visits spy - movie territory such a novel you cawood't let down, examines a footnote to history seldom brought to light on the screen, and keeps you stunning from first sight to last."
"witty, touching and well paced.","gentle, straightforward and well paced."
"grant gets to display his cadness to perfection, but also to show acting range that may surprise some who thought light - hearted comedy was his forte.","grant gets to actor his cadness in reflective, but also to show acting range that may surprise some who thought light @ hearted comedy was his forte."
it has a subtle way of getting under your skin and sticking with you long after it's over.,it has a vague way of getting under your skin and sticking with you long after it's over.
even die - hard fans of japanese animation... will find this one a challenge.,"even die, hard fans of japanese animation... would find this one a mess."
` how many more voyages can this limping but dearly - loved franchise survive? ',` how many more voyages can this limping but dearly - loved legacy echoes? '
"if nothing else, this movie introduces a promising, unusual kind of psychological horror.","if nothing else, this movie introduces a curious, inward kind of psychological horror."
"once the audience figure out what's being said, the filmmaker's relative passivity will make it tough for them to really care.","once the audience loses out what's being said, the director's relative woivity will make it tough for them to really seem."
"no worse than a lot of the crap we've been offered this summer, and slightly better than men in black 2 as far as slapdash extraterrestrial comedies go.","no worse than a kid of the crap we've been offered this summer, and slightly simpler than men in black 2 as far as slapdash extraterrestrials go."
